layout_id,strategy,cases,median_delta_peak_pct,mean_delta_peak_pct,p10_delta_peak_pct,p90_delta_peak_pct,share_lower_peak,median_delta_cv_pct,median_delta_intercept_pctpt
joint_g04_0478,staggered_levels:9:0.380:1,27,0.09256796120416831,-2.2701026811306595,-16.275978560010433,10.85797241590634,0.48148148148148145,-0.23169363362318657,-0.7433333333333292
joint_g04_0478,staggered_levels:9:0.380:0,27,-0.21918150698393796,-2.005549948947675,-16.87546477517502,10.505992410132333,0.5555555555555556,-0.2008378653457487,-0.6983333333333341
joint_g02_0333,staggered_levels:9:0.380:0,27,-0.05315774052391916,-1.3418292380824444,-15.592230635795095,10.065757637334412,0.5555555555555556,-0.13741232197792422,0.04166666666666208
joint_g02_0333,staggered_levels:9:0.380:1,27,-0.2618035354665747,-1.0735963448455688,-10.436950688312427,10.416796630221087,0.6666666666666666,0.0943804204115775,0.15333333333332755
joint_g04_0478,staggered_levels:9:0.380:3,27,-0.13671636469951653,-0.6521584323518899,-13.311876220905141,21.25714627740191,0.5555555555555556,-0.9193010021935063,-0.5516666666666725
joint_g04_0478,five_point,27,0.1622275934644756,-0.5571078609637486,-16.7747970307041,11.631210865419042,0.48148148148148145,-0.1345114810770975,-0.6583333333333385
sb_hy_energy,staggered_levels:9:0.380:1,27,-0.8445692840553817,-0.5334229958551006,-12.58483115216956,10.803199070213992,0.6666666666666666,0.3067470162686388,0.8516666666666617
sb_pf_flux,staggered_levels:9:0.380:1,27,0.45714690528470336,-0.5078984248239071,-17.346906337584034,11.767330868248614,0.4074074074074074,-0.5786385552283106,-0.6516666666666615
ctrl_radial_expand_015,staggered_levels:9:0.380:0,27,-0.09768555271372312,-0.4430438554998372,-11.945428328048976,14.926774272910961,0.5185185185185185,-0.2031362131695308,-0.43000000000000815
deform_0893,visible_equator,27,0.12298042455919271,-0.36340345464317847,-11.114129081191939,9.768838926615189,0.48148148148148145,-0.6610398764775816,-0.12333333333333085
ctrl_radial_expand_015,staggered_levels:9:0.380:8,27,0.606000753037388,-0.28920640075734905,-17.794190301863477,10.980178995377631,0.4444444444444444,-0.969484053644653,-0.5049999999999999
sb_hs_flux,staggered_levels:9:0.380:1,27,-0.027968615379548308,-0.2693144207256747,-16.90040735137155,11.238738856335406,0.5185185185185185,-0.8992040572542479,-0.5266666666666642
sb_pf_flux,staggered_levels:9:0.380:3,27,-0.027210088942993253,-0.22944796056178157,-10.075097369576802,11.595833825365215,0.5185185185185185,-0.04536936818545388,-0.23000000000000798
sb_hs_flux,five_point,27,0.28772230162739226,0.054620318172705636,-12.220565064776462,11.71579904159127,0.4444444444444444,-0.5096628557245528,-0.5966666666666676
ctrl_radial_expand_015,staggered_levels:9:0.380:2,27,0.24624892634668868,0.07878598663958998,-10.041423326329996,10.992913995259343,0.3333333333333333,-0.17108374447247848,-0.4149999999999987
deform_0893,staggered_levels:9:0.380:3,27,0.13587250350135557,0.08584069424875868,-17.98773236057406,15.02469138023094,0.48148148148148145,-0.29738757920831216,-0.1083333333333325
deform_0893,staggered_levels:9:0.380:1,27,0.3463153735170377,0.16744461093375232,-12.269890562596519,11.115077303239094,0.37037037037037035,-0.17057304304542645,-0.26166666666667115
sb_hy_energy,five_point,27,-0.18668488940823458,0.17125767783089146,-17.5624321094893,14.983106084524247,0.5555555555555556,0.1597205115873492,0.7616666666666716
deform_1387,five_point,27,-0.022931459752147762,0.21742984545840308,-12.803409140197711,15.337821724871848,0.5555555555555556,-0.3264583616945644,-0.12666666666666382
sb_pf_flux,staggered_levels:9:0.380:0,27,0.2667217874229679,0.3700752656864696,-18.15604893150292,21.462086128212462,0.4444444444444444,-0.31486495073531967,-0.45166666666666133
sb_pf_flux,five_point,27,0.3069269738770026,0.46118171852750467,-12.577181876700031,15.473868808453497,0.48148148148148145,-0.9635186447591614,-0.495000000000001
ctrl_radial_expand_015,staggered_levels:9:0.380:1,27,0.19577711448258753,0.5895165411428271,-11.752920537149947,10.606944608780683,0.4074074074074074,-0.28661075445578726,-0.484999999999991
ctrl_radial_expand_015,staggered_levels:9:0.380:3,27,0.15407758768209964,0.5920453128620141,-9.244259243771618,11.243224595765072,0.4444444444444444,-0.5893042428711988,-0.33333333333332993
joint_g02_0333,visible_equator,27,-0.2623316014433813,0.750366590004793,-8.860727644415293,17.395366430363584,0.5185185185185185,-0.009712380152534424,0.15333333333333865
joint_g04_0478,staggered_levels:9:0.380:8,27,0.3883666910013054,0.8302416756782285,-9.089005729619812,10.40466138564996,0.37037037037037035,-0.41310883006673804,-0.6833333333333358
sb_hy_energy,staggered_levels:9:0.380:0,27,0.2957234723332901,0.885037357389903,-9.821422285541779,10.4997979306187,0.4444444444444444,0.11347076564316377,0.8516666666666617
ctrl_radial_expand_015,visible_equator,27,0.4122365430804088,0.9602209160921276,-8.525970380362262,13.136926220602257,0.4444444444444444,-0.8691869296325268,-0.5666666666666598
deform_1387,staggered_levels:9:0.380:1,27,0.5632208131188666,0.9652472676687762,-16.718155958131263,11.107576020163501,0.4444444444444444,0.5220546463378426,-0.09166666666665657
deform_1387,staggered_levels:9:0.380:3,27,-0.16387443792876608,1.2021705982335065,-9.818475414863283,21.047970368631848,0.5925925925925926,-0.0010740078289673794,0.010000000000010001
deform_0893,staggered_levels:9:0.380:8,27,0.08855340694575446,1.3294513311834,-9.586326152049692,14.166470310848116,0.48148148148148145,-0.3358147690682974,-0.09500000000000064
joint_g04_0478,staggered_levels:9:0.380:2,27,0.38110562850079754,1.3860306027493692,-12.722286336064297,11.143683147942564,0.3333333333333333,-0.2410341060496624,-0.5499999999999949
deform_0893,staggered_levels:9:0.380:0,27,0.2280390167589565,1.4528255509184154,-10.06656283251048,20.801547040689446,0.4444444444444444,-0.0645851327963479,-0.12499999999999734
joint_g02_0333,staggered_levels:9:0.380:3,27,-0.020828921392307947,1.625259723920726,-9.24074276488139,10.967644419097518,0.5185185185185185,0.34950608284579643,0.21333333333333204
deform_1387,staggered_levels:9:0.380:0,27,-0.0221408797834014,2.0088985546071365,-11.702938046800579,14.255013368727253,0.5185185185185185,-0.26944651926997965,-0.15166666666667217
deform_0893,staggered_levels:9:0.380:6,27,0.11406148884797937,2.2437075052289557,-9.30227784568338,19.611790704694883,0.48148148148148145,0.4240933239587157,-0.09333333333333416
sb_hy_energy,staggered_levels:9:0.380:8,27,-0.01716398681788445,2.370526118659487,-9.616126624570786,14.250427546601752,0.5185185185185185,0.6717741956200178,0.9066666666666667
sb_hs_flux,staggered_levels:9:0.380:0,27,0.3348337855869112,2.3720285691237986,-12.03178543901071,15.186751342741973,0.37037037037037035,-0.3935705602023608,-0.5049999999999999
deform_0893,five_point,27,0.1516122070762294,2.3898972249598605,-16.332236026507793,22.624401773338437,0.48148148148148145,0.11109639919167466,-0.17166666666666996
joint_g02_0333,staggered_levels:9:0.380:6,27,0.13833063003449847,2.6961155992039756,-10.818700000194204,20.431039555968372,0.4444444444444444,0.6944507541890225,0.09166666666666767
ctrl_radial_expand_015,five_point,27,0.3475035180356807,2.7562355346364003,-9.39506805730602,16.373962605553515,0.37037037037037035,-0.7405171650077093,-0.3683333333333372
joint_g02_0333,staggered_levels:9:0.380:2,27,0.1125931271030789,2.8075340887398226,-10.194849011452975,15.565528735425197,0.4444444444444444,0.1760656830050365,0.16666666666667052
sb_pf_flux,visible_equator,27,0.27733294749140563,2.9023575155915915,-8.1034229263086,18.608230404568996,0.3333333333333333,-0.6723313544844469,-0.5249999999999977
joint_g04_0478,visible_equator,27,0.8614023614286062,2.903216405940889,-10.766116003521585,13.659839989475763,0.37037037037037035,-1.0148110799614503,-0.6766666666666699
joint_g02_0333,staggered_levels:9:0.380:8,27,-0.06228415566056124,2.9066868614634993,-9.414690094958667,19.642899538538675,0.5185185185185185,-0.01718493462033239,-0.008333333333332416
sb_hs_flux,staggered_levels:9:0.380:6,27,0.427017560479525,3.231999388411994,-8.54810626771424,11.072380019885689,0.2222222222222222,-0.19542412449668053,-0.4266666666666641
sb_hs_flux,staggered_levels:9:0.380:2,27,0.6440336964413476,3.2382209398471025,-3.537325461655377,10.903127155651857,0.14814814814814814,-0.2526478969198121,-0.4766666666666697
deform_1387,visible_equator,27,0.6796513407623576,3.412599027851373,-8.356291597927607,17.273239158143365,0.3333333333333333,-0.3095400883616053,-0.11333333333333195
sb_hy_energy,staggered_levels:9:0.380:3,27,0.061401853835905594,3.479532097034104,-9.648110019832119,20.549542681778195,0.48148148148148145,0.38028088624637985,0.9449999999999958
sb_pf_flux,staggered_levels:9:0.380:2,27,0.3666523671083006,3.6664677371819114,-9.151943468644882,21.30195170608897,0.3333333333333333,-0.2732993060383468,-0.47000000000000375
sb_hy_energy,visible_equator,27,8.486712977534221,3.994983636774179,-11.342814001355675,16.98776997655335,0.4444444444444444,0.19641333999196303,0.9533333333333394
sb_hs_flux,visible_equator,27,0.7543777437438737,4.092328445368609,-7.688196170211978,18.806397109047204,0.2222222222222222,-0.7194308524000833,-0.5566666666666609
sb_hy_energy,staggered_levels:9:0.380:6,27,0.17450396086119127,4.183640882501254,-9.695326766336038,21.552293229002743,0.37037037037037035,0.1056013304224266,0.8266666666666644
deform_1387,staggered_levels:9:0.380:2,27,0.09168923081328056,4.197484880437985,-9.163882712194873,19.79223785694808,0.4444444444444444,0.42395590113098336,-0.061666666666659875
sb_hs_flux,staggered_levels:9:0.380:3,27,0.49512543776979107,4.299128831021109,-9.250900301868388,20.95925026749766,0.3333333333333333,-0.3232580492646965,-0.5699999999999927
sb_hs_flux,staggered_levels:9:0.380:8,27,0.33832823560582925,4.346752919742796,-8.499582630475322,19.99424856591506,0.2962962962962963,-0.7590612168200522,-0.45000000000000595
deform_1387,staggered_levels:9:0.380:8,27,0.6007323066848818,4.621579165624382,-3.7731157912251714,10.659076362399544,0.25925925925925924,-0.1578590259664117,-0.07333333333333636
joint_g04_0478,staggered_levels:9:0.380:6,27,0.7686307258473223,4.632017321485891,-12.095189860986562,19.260960062016697,0.4074074074074074,0.2585125008182602,-0.5900000000000016
sb_pf_flux,staggered_levels:9:0.380:6,27,0.33966280850321673,4.696161312453605,-8.606312207150438,15.29941562086698,0.37037037037037035,-0.3989800095746687,-0.24333333333333984
deform_0893,staggered_levels:9:0.380:2,27,0.7856316030231433,4.733846590769371,-8.54708896343477,20.465036240685908,0.2962962962962963,-0.020174433588945783,-0.15499999999999403
sb_pf_flux,staggered_levels:9:0.380:8,27,0.44266650682078573,4.781361345002421,-3.4336250035218954,14.096658112419018,0.3333333333333333,0.25657812298658444,-0.5266666666666642
ctrl_radial_expand_015,staggered_levels:9:0.380:6,27,0.31798168079466627,5.1443509852209575,-9.310274687135957,22.21615770048935,0.4444444444444444,0.2222859147313655,-0.5133333333333323
deform_1387,staggered_levels:9:0.380:6,27,8.747405561779457,5.9803261742584874,-9.545502263606833,21.260734474092892,0.3333333333333333,0.9706339171239515,0.004999999999999449
joint_g02_0333,five_point,27,0.5900707390393919,6.695010153667727,-9.144051058661951,22.37748801357202,0.4074074074074074,0.8851872230625101,0.04666666666667263
sb_hy_energy,staggered_levels:9:0.380:2,27,9.405946704331065,7.250488843018156,-0.08260052624728108,20.072009192413894,0.2222222222222222,-0.062351340647355515,0.8883333333333354
